participant_id,name,role,department,seniority,skills
1,Alice Johnson,AI/ML Engineer,Engineering,Senior,"machine learning; deep learning; NLP; computer vision"
2,Bob Smith,Product Manager,Product,Senior,"product strategy; roadmap planning; user research; agile"
3,Charlie Davis,Backend Developer,Engineering,Mid,"APIs; microservices; database design; cloud computing"
4,Diana Lee,Frontend Developer,Engineering,Mid,"React; JavaScript; CSS; UI/UX design"
5,Eve Chen,Data Scientist,Data,Senior,"data analysis; statistics; Python; R; SQL"
6,Frank Wilson,DevOps Engineer,Engineering,Senior,"CI/CD; Docker; Kubernetes; AWS; monitoring"
7,Grace Kim,QA Engineer,Engineering,Mid,"testing; automation; Selenium; bug tracking"
8,Henry Brown,UI/UX Designer,Design,Senior,"Figma; prototyping; wireframes; user research"
9,Ivy Martinez,Security Engineer,Security,Senior,"cybersecurity; encryption; authentication; penetration testing"
10,Jack Taylor,Marketing Manager,Marketing,Senior,"SEO; content strategy; digital marketing; analytics"
11,Karen White,Financial Analyst,Finance,Mid,"budgeting; forecasting; financial modeling; cost analysis"
12,Leo Garcia,Business Analyst,Business,Mid,"process improvement; stakeholder management; documentation; requirements"
13,Maya Patel,Sales Manager,Sales,Senior,"lead generation; CRM; customer relationships; revenue growth"
14,Nathan Kim,Operations Manager,Operations,Senior,"supply chain; logistics; process optimization; vendor management"
15,Olivia Chen,HR Manager,HR,Senior,"talent acquisition; employee relations; performance management; training"
16,Paul Anderson,Research Scientist,R&D,Senior,"research methodology; scientific analysis; innovation; publications"
17,Quinn Roberts,Mobile Developer,Engineering,Mid,"iOS; Android; React Native; mobile UI"
18,Rachel Davis,Content Manager,Marketing,Mid,"copywriting; SEO; social media; editorial"
19,Sam Johnson,Legal Counsel,Legal,Senior,"contract law; compliance; data privacy; intellectual property"
20,Tina Liu,Customer Success,Customer,Mid,"onboarding; support; retention; feedback"
21,Uma Kapoor,Cloud Architect,Engineering,Senior,"AWS; Azure; GCP; serverless; distributed systems"
22,Vincent Gomez,Data Engineer,Data,Mid,"ETL; Spark; Hadoop; data pipelines"
23,Wendy Chang,Product Designer,Design,Mid,"UI; UX; Sketch; user testing"
24,Xavier Lewis,Security Analyst,Security,Mid,"risk assessment; incident response; vulnerability scanning"
25,Yasmin Ali,Growth Hacker,Marketing,Mid,"A/B testing; acquisition; retention; viral marketing"
